[{"name":"vishal","email":"vishal@gmail.com"},{"name":"amit","email":"amit@gmail.com"},{"name":"sudeep","email":"s@gmail.com"},{"name":"sudeep ja","email":"s@gmail.com"},{"name":"raghav","email":"raghva@gmail.com"},{"name":"satyam","email":"satyam@gmail.com"},{"name":"ABC","email":"ABC@test.com"},{"fname":"Akanksha","dob":"2024-12-12","email":"akanksha0100.be23@chitkara.edu.in","phn":"7814221552","gender":"Male"},{"fname":"Akanksha","dob":"2024-12-12","email":"akanksha0100.be23@chitkara.edu.in","phn":"7814221552","gender":"Male"},{"fname":["Akanksha Rana","dfsdfs"],"dob":"2024-12-05","email":"akanksha0100.be23@chitkara.edu.in","phn":"7814221552","gender":"Female","occupation":"studdent","id":"123456","idno":"123456","issuedauthority":"stsrs","issuestate":"Punjab","date":"2024-12-26","expdate":"2024-12-27","adress":"asdadsa","nationality":"dfsdfsdfs","state":"sdfs","district":"tretre","bno":"1231231","wno":"543","mname":"sfdsdf","gname":"dfsdf","focuup":"fdfs","mocupp":"dfs","gocupp":"dfs"},{"fname":["Akanksha Rana","dfsdfs"],"dob":"2024-12-05","email":"akanksha0100.be23@chitkara.edu.in","phn":"7814221552","gender":"Female","occupation":"studdent","id":"123456","idno":"123456","issuedauthority":"stsrs","issuestate":"Punjab","date":"2024-12-26","expdate":"2024-12-27","adress":"asdadsa","nationality":"dfsdfsdfs","state":"sdfs","district":"tretre","bno":"1231231","wno":"543","mname":"sfdsdf","gname":"dfsdf","focuup":"fdfs","mocupp":"dfs","gocupp":"dfs"},{"fname":["deepali","deepali"],"dob":"2004-11-12","email":"deepali@gmail.com","phn":"7015762977","gender":"Female","occupation":"student","id":"rollno","idno":"2310990150","issuedauthority":"cu","issuestate":"pu","date":"2024-12-24","expdate":"2024-12-25","adress":"bilaspur","nationality":"indian","state":"haryana","district":"yamnunagar","bno":"123456","wno":"64","mname":"deepali","gname":"deepali","focuup":"deepali","mocupp":"deepali","gocupp":"deepali"},{"fname":["Akanksha Rana","gyugt"],"dob":"2024-12-12","email":"akanksha0100.be23@chitkara.edu.in","phn":"7814221552","gender":"Female","occupation":"student","id":"123456","idno":"12344","issuedauthority":"gh","issuestate":"Punjab","date":"2024-12-27","expdate":"2024-12-27","adress":"kjjh","nationality":"kjhkh","state":"hkjh","district":"kjhj","bno":"343","wno":"67","mname":"uyyut","gname":"utyut","focuup":"yugtyut","mocupp":"yutuy","gocupp":"yutyut"}]